filter,version,width,height,kernel,threads,schedule,runtime,speedup,efficiency,memory_mb
gaussian,sequential,26562,16681,3,1,none,2.440000,1.000,1.000,2535.33
gaussian,openmp,26562,16681,3,1,static,3.183000,0.767,0.767,2535.33
gaussian,openmp,26562,16681,3,2,static,1.599000,1.526,0.763,2535.33
gaussian,openmp,26562,16681,3,4,static,0.850000,2.871,0.718,2535.33
gaussian,openmp,26562,16681,3,8,static,0.543000,4.494,0.562,2535.33
gaussian,openmp,26562,16681,3,16,static,0.480000,5.083,0.318,2535.33
