filter,version,width,height,kernel,threads,schedule,runtime,speedup,efficiency,memory_mb
gaussian,sequential,26562,16681,3,1,none,2.551000,1.000,1.000,1267.66
gaussian,openmp,26562,16681,3,1,static,3.154000,0.809,0.809,1267.66
gaussian,openmp,26562,16681,3,2,static,1.600000,1.594,0.797,1267.66
gaussian,openmp,26562,16681,3,4,static,0.931000,2.740,0.685,1267.66
gaussian,openmp,26562,16681,3,8,static,0.625000,4.082,0.510,1267.66
gaussian,openmp,26562,16681,3,16,static,0.488000,5.227,0.327,1267.66
